variant,params,step0_acc,step0_loss,tau,delta_tau,ci95,mismatch,note
official,12582912,0.6555149007610046,1.5361621790095101,3.4072164948453607,0.0,,,
official_via_adapter,12582912,,,3.4011428571428572,-0.006073637702503465,,3.0,
fc3_official_ft,12582912,0.7313120719821097,1.1268631061271293,4.225441696113074,0.8182252012677131,"[0.7243637670946241, 0.9201933196461614]",27.0,official fc fine-tuned with our recipe
fc3_norm,12589056,0.579369227517293,2.008888693652641,3.054582904222451,-0.35263359062290967,"[-0.45321448976089035, -0.2553517111734486]",30.0,upstream layers + per-source RMSNorm (EAGLE-3.1 style)
mix3_init,12589143,0.6086426197308907,1.8269579793688602,3.1370585134422773,-0.27015798140308345,"[-0.36820781148564025, -0.1731048714817463]",26.0,"3 slots, softmax over all layers, init at upstream"
tri_2_20_25,12589056,0.6001045516474485,1.88075773713688,3.154825026511135,-0.2523914683342259,"[-0.34541996415419274, -0.16661081159407148]",24.0,"layers (2, 20, 25) + per-source RMSNorm; fc 3H->H"
tri_14_20_25,12589056,0.608468373273802,1.8333743871203447,3.1943102522812667,-0.21290624256409396,"[-0.3130127098181318, -0.11765513170790423]",27.0,"layers (14, 20, 25) + per-source RMSNorm; fc 3H->H"
tri_11_20_25,12589056,0.6025439977001948,1.843895029784869,3.1769107429182255,-0.2303057519271352,"[-0.3257035076286761, -0.13661194689169096]",29.0,"layers (11, 20, 25) + per-source RMSNorm; fc 3H->H"
tri_19_22_25,12589056,0.6109078219126359,1.7961250158693134,3.1832264957264957,-0.22398999911886497,"[-0.3175592602007805, -0.13393837756814253]",27.0,"layers (19, 22, 25) + per-source RMSNorm; fc 3H->H"
pair_20_25,8392704,0.598362084204861,1.9031751346122847,3.043010752688172,-0.3642057421571887,"[-0.47149028710397456, -0.2605591208763635]",24.0,"layers (20, 25) + per-source RMSNorm; fc 2H->H"
single_25,4196352,0.5410350231078261,2.2465398657049818,2.6905951840072695,-0.7166213108380912,"[-0.8386037013152131, -0.5949169795288192]",31.0,"layers (25,) + per-source RMSNorm; fc 1H->H"
