,tau,cycles,new_tokens,seconds,tau_gsm8k,tau_humaneval,tau_mt_bench,mismatched_prompts,delta_ci95,capture,delta,ci_low,ci_high
baseline,3.4072164948453607,1746.0,5949.0,122.52746621999995,3.7517985611510793,3.860294117647059,3.2240802675585285,,,,0.0,0.0,0.0
mean_all,1.004275696938601,5847,5872,386.2670117809996,1.0038872691933916,1.0,1.0055467511885896,39,"[-2.5797897927118005, -2.223483125781176]","[2, 14, 25]",-2.4029407979067594,-2.5797897927118005,-2.223483125781176
mean_low,3.17103153393907,1871,5933,127.1722825020006,3.4782608695652173,3.640138408304498,2.9937646141855025,17,"[-0.27404959302521814, -0.20290783254572464]","[2, 14, 25]",-0.2361849609062907,-0.27404959302521814,-0.20290783254572464
mean_mid,3.1075550891920254,1906,5923,129.30635005099907,3.4356435643564356,3.4833333333333334,2.9447429009976975,23,"[-0.3624832172018143, -0.23939992269364527]","[2, 14, 25]",-0.2996614056533353,-0.3624832172018143,-0.23939992269364527
mean_high,1.1188664891593763,5258,5883,349.6228249120004,1.1036324786324787,1.1070663811563168,1.1263282172373081,36,"[-2.4664373826282593, -2.1078457196594895]","[2, 14, 25]",-2.2883500056859845,-2.4664373826282593,-2.1078457196594895
shift0_2to0,3.25,1832,5954,124.0614886360022,3.577319587628866,3.6853146853146854,3.0749003984063745,14,"[-0.19462590711123812, -0.12387645988469963]","[0, 14, 25]",-0.1572164948453607,-0.19462590711123812,-0.12387645988469963
shift0_2to1,3.3924700513405592,1753,5947,118.78596151100055,3.656140350877193,3.832116788321168,3.228643216080402,11,"[-0.04588918735133607, 0.017984073938601047]","[1, 14, 25]",-0.014746443504801476,-0.04588918735133607,0.017984073938601047
shift0_2to1_noscale,3.364406779661017,1770,5955,120.11388566300093,3.6228373702422147,3.838827838827839,3.1953642384105962,14,"[-0.07715627178780511, -0.009461354137167779]","[1, 14, 25]",-0.042809715184343844,-0.07715627178780511,-0.009461354137167779
shift0_2to3,3.3861047835990887,1756,5946,119.00818677100278,3.725,3.8676470588235294,3.1985049833887045,14,"[-0.05380908421909793, 0.01336991756695694]","[3, 14, 25]",-0.02111171124627198,-0.05380908421909793,0.01336991756695694
shift0_2to4,3.344206974128234,1778,5946,120.59586962400044,3.752688172043011,3.829090909090909,3.142156862745098,13,"[-0.09575249602629662, -0.029392564088470956]","[4, 14, 25]",-0.06300952071712684,-0.09575249602629662,-0.029392564088470956
shift0_2to6,3.3035516093229744,1802,5953,121.86252183099987,3.6,3.7949640287769784,3.1231766612641816,16,"[-0.1442139306858363, -0.06376877454279388]","[6, 14, 25]",-0.10366488552238629,-0.1442139306858363,-0.06376877454279388
shift1_14to8,3.274931129476584,1815,5944,122.98680104900177,3.7092198581560285,3.8566176470588234,3.0523394131641552,21,"[-0.18407442691823184, -0.08158570051875032]","[2, 8, 25]",-0.13228536536877655,-0.18407442691823184,-0.08158570051875032
shift1_14to11,3.322185061315496,1794,5960,121.91414769699895,3.725,3.8079710144927534,3.122778675282714,17,"[-0.12481269985273682, -0.042753895824705415]","[2, 11, 25]",-0.08503143352986475,-0.12481269985273682,-0.042753895824705415
shift1_14to17,3.35887323943662,1775,5962,120.1138154600003,3.7402135231316724,3.730496453900709,3.183993399339934,16,"[-0.09580758514301832, 0.0014409166237883324]","[2, 17, 25]",-0.04834325540874085,-0.09580758514301832,0.0014409166237883324
shift1_14to20,3.269230769230769,1820,5950,124.13113302599822,3.5821917808219177,3.7357142857142858,3.0913461538461537,21,"[-0.1908042465411247, -0.08571684669949989]","[2, 20, 25]",-0.13798572561459155,-0.1908042465411247,-0.08571684669949989
shift2_25to20,2.580069625761532,2298,5929,158.2761671730018,2.7440633245382586,2.8873626373626373,2.468167202572347,27,"[-0.9125880560232632, -0.742590465899916]","[2, 14, 20]",-0.8271468690838288,-0.9125880560232632,-0.742590465899916
shift2_25to22,3.0177574835109082,1971,5948,139.8635506759988,3.3121019108280256,3.455737704918033,2.850591715976331,22,"[-0.4565103445626751, -0.3314647407855496]","[2, 14, 22]",-0.3894590113344525,-0.4565103445626751,-0.3314647407855496
shift2_25to24,3.321070234113712,1794,5958,132.3267515409998,3.6445993031358883,3.8050541516245486,3.1365853658536587,19,"[-0.13055812340697143, -0.042630479183994395]","[2, 14, 24]",-0.08614626073164855,-0.13055812340697143,-0.042630479183994395
shift2_25to26,3.2051696284329565,1857,5952,142.42124714599686,3.3248407643312103,3.706713780918728,3.062698412698413,18,"[-0.2596340724447907, -0.14963807078631347]","[2, 14, 26]",-0.2020468664124042,-0.2596340724447907,-0.14963807078631347
shift2_25to26_noscale,2.9275505174963037,2029,5940,154.9865698129979,3.0409356725146197,3.3312101910828025,2.8069919883466863,17,"[-0.5559498447155187, -0.4098219493577026]","[2, 14, 26]",-0.479665977349057,-0.5559498447155187,-0.4098219493577026
shift2_25to27,2.8736689254598256,2066,5937,156.9821752150001,3.008695652173913,3.205521472392638,2.7627240143369174,25,"[-0.6291321683911647, -0.44378954575908097]","[2, 14, 27]",-0.5335475693855352,-0.6291321683911647,-0.44378954575908097
shift2_25to28,2.02639698320192,2917,5911,215.3683081929994,1.9866156787762905,2.1358024691358026,2.009433962264151,26,"[-1.5227908257209295, -1.2371934359204138]","[2, 14, 28]",-1.3808195116434407,-1.5227908257209295,-1.2371934359204138
shift2_25to28_noscale,2.166422823701536,2734,5923,192.34853442799886,2.1708333333333334,2.2624728850325377,2.140546569994423,23,"[-1.3722983458115183, -1.1080569246060814]","[2, 14, 28]",-1.2407936711438246,-1.3722983458115183,-1.1080569246060814
fc_rank128,1.3860061047194177,4259,5903,292.8439261389967,1.3600525624178712,1.5050651230101302,1.363733523334521,29,"[-2.172133856185469, -1.8736420674978391]","[2, 14, 25]",-2.021210390125943,-2.172133856185469,-1.8736420674978391
fc_rank256,1.947645702996378,3037,5915,207.0412468199993,2.0,2.1549586776859506,1.8849557522123894,26,"[-1.5711703957562044, -1.3505466039786314]","[2, 14, 25]",-1.4595707918489826,-1.5711703957562044,-1.3505466039786314
fc_rank512,2.7278568150527764,2179,5944,148.22399939000388,2.9517045454545454,3.205521472392638,2.57161892071952,24,"[-0.747153487991086, -0.6120231854470712]","[2, 14, 25]",-0.6793596797925843,-0.747153487991086,-0.6120231854470712
fc_rank1024,3.29196675900277,1805,5942,123.40195151999524,3.6503496503496504,3.776173285198556,3.101449275362319,21,"[-0.1696330490276979, -0.06266320297512909]","[2, 14, 25]",-0.1152497358425908,-0.1696330490276979,-0.06266320297512909
